billing_period,elec_cost
2026-08,412260.4424248247
2026-09,353046.4157051277
2026-10,339634.99711043073
2026-11,292582.70101573376
2026-12,263589.95804603683
2027-01,254028.95965967316
